City,Longitude,Latitude,Max Temp,Humidity,Cloudiness,Wind Speed,Country,Date
mitsamiouli,43.2844,-11.3847,83.61,68,39,4.5,KM,1612462128
grand gaube,57.6608,-20.0064,80.01,74,0,5.99,MU,1612462131
castro,-50.0119,-24.7911,78.04,80,41,9.89,BR,1612462131
albany,-73.9662,42.6001,37.0,49,7,7.0,US,1612461955
mar del plata,-57.5575,-38.0023,71.6,64,20,20.71,AR,1612462028
icoana,24.7167,44.4167,50.0,76,0,14.97,RO,1612462132
pevek,170.3133,69.7008,-13.56,79,0,8.39,RU,1612462120
sioux lookout,-91.917,50.1001,17.6,79,90,11.5,CA,1612462132
hilo,-155.09,19.7297,68.0,68,90,9.22,US,1612462132
butaritari,172.7902,3.0707,80.35,83,100,15.14,KI,1612461950
denpasar,115.2167,-8.65,77.0,94,40,10.36,ID,1612462132
rio gallegos,-69.2181,-51.6226,77.0,33,40,32.21,AR,1612462132
barrow,-156.7887,71.2906,-25.6,68,40,8.05,US,1612461945
parrita,-84.3225,9.5201,82.4,60,40,20.71,CR,1612462133
ushuaia,-68.3,-54.8,55.4,67,20,41.43,AR,1612461943
bandar-e lengeh,54.8807,26.5579,66.2,27,0,4.61,IR,1612462133
ropczyce,21.6089,50.0523,34.0,86,75,6.91,PL,1612462134
astaneh-ye ashrafiyeh,49.9444,37.2596,48.2,100,40,4.61,IR,1612461978
severo-kurilsk,156.125,50.6789,10.15,88,96,13.4,RU,1612462134
hithadhoo,73.0833,-0.6,82.26,77,75,10.8,MV,1612462134
puerto del rosario,-13.8627,28.5004,60.8,77,20,3.44,ES,1612462134
ilhabela,-45.3581,-23.7781,86.74,63,50,5.7,BR,1612462134
hobart,147.3294,-42.8794,64.4,77,94,5.75,AU,1612462135
aswan,32.907,24.0934,63.3,40,0,9.6,EG,1612462105
kapaa,-159.319,22.0752,60.8,82,90,14.97,US,1612462135
korla,86.1469,41.7597,27.82,83,11,4.14,CN,1612461994
skjervoy,20.9714,70.0311,32.0,74,75,6.91,NO,1612462135
punta arenas,-70.9167,-53.15,64.4,42,0,37.98,CL,1612462135
mataura,168.8643,-46.1927,40.48,93,39,3.67,NZ,1612462135
provideniya,-173.3,64.3833,-11.87,86,99,27.49,RU,1612462136
rikitea,-134.9692,-23.1203,77.86,70,100,11.03,PF,1612462082
bredasdorp,20.0403,-34.5322,69.8,64,84,10.36,ZA,1612462136
qaanaaq,-69.3632,77.484,-21.42,58,42,6.8,GL,1612462136
nome,-165.4064,64.5011,-2.2,55,90,8.05,US,1612462136
guerrero negro,-114.0611,27.9769,65.26,60,99,15.88,MX,1612462136
labuhan,112.2051,-6.8844,78.31,87,87,14.81,ID,1612462137
thompson,-97.8558,55.7435,-9.4,77,90,11.5,CA,1612461838
saint-philippe,55.7679,-21.3585,82.4,65,75,6.91,RE,1612462095
kahului,-156.47,20.8947,69.8,73,40,8.05,US,1612462137
leningradskiy,178.4167,69.3833,-24.72,86,100,7.45,RU,1612461966
jamestown,-79.2353,42.097,33.8,51,1,5.75,US,1612461980
hudson bay,-102.3842,52.85,-3.5,88,99,6.89,CA,1612462138
red bluff,-122.2358,40.1785,51.8,37,1,12.66,US,1612462138
sao filipe,-24.4956,14.8961,73.4,76,59,10.71,CV,1612462138
aklavik,-135.0107,68.2191,-45.4,66,1,6.04,CA,1612461977
vaini,-175.2,-21.2,77.0,100,75,4.61,TO,1612462138
arraial do cabo,-42.0278,-22.9661,93.2,54,20,16.11,BR,1612462138
bethel,-73.414,41.3712,37.4,48,1,10.36,US,1612461948
saint george,-113.5841,37.1041,50.0,34,1,4.56,US,1612462139
saint-pierre,55.4781,-21.3393,82.4,65,75,6.91,RE,1612462139
baiyin,104.2081,36.5583,34.0,45,0,2.24,CN,1612462056
hermanus,19.2345,-34.4187,71.01,73,40,3.0,ZA,1612462139
ahipara,173.1667,-35.1667,59.0,87,4,3.89,NZ,1612462139
kaitangata,169.8464,-46.2817,44.02,90,1,6.98,NZ,1612461956
cherskiy,161.3,68.75,-9.04,71,2,11.83,RU,1612462139
pontes e lacerda,-59.3353,-15.2261,84.07,81,92,6.15,BR,1612461988
vila franca do campo,-25.4333,37.7167,57.2,72,40,26.46,PT,1612462111
busselton,115.3333,-33.65,55.0,66,0,12.19,AU,1612461859
atuona,-139.0333,-9.8,78.28,70,39,10.58,PF,1612462140
narsaq,-46.05,60.9167,19.4,42,20,5.21,GL,1612462140
linxia,103.2064,35.6003,27.12,70,78,0.69,CN,1612462140
cape town,18.4232,-33.9258,71.6,68,0,18.41,ZA,1612462119
lebu,-73.65,-37.6167,71.28,51,1,5.53,CL,1612461948
avarua,-159.775,-21.2078,78.8,89,100,2.3,CK,1612462141
baykit,96.37,61.67,-3.35,88,100,2.51,RU,1612461911
batemans bay,150.1833,-35.7167,63.0,94,40,5.37,AU,1612462021
aktau,51.2,43.65,41.0,87,90,6.71,KZ,1612462141
kavieng,150.7967,-2.5744,82.8,73,99,7.23,PG,1612462141
fortuna,-124.1573,40.5982,45.0,100,20,4.61,US,1612462141
krasnoselkup,82.4667,65.7,-14.51,89,90,6.87,RU,1612461893
havre-saint-pierre,-63.5986,50.2334,35.6,87,90,6.91,CA,1612462142
kodiak,-152.4072,57.79,17.6,86,75,6.91,US,1612461942
yarmouth,-70.2286,41.7057,39.99,65,1,9.22,US,1612461995
sturgeon falls,-79.9326,46.3646,30.99,58,20,2.3,CA,1612462142
otradnoye,30.8181,59.7775,10.4,85,20,13.42,RU,1612462044
bilma,12.9164,18.6853,67.39,24,7,6.69,NE,1612461979
khuzhir,107.3397,53.1939,11.68,90,68,5.14,RU,1612462143
ha giang,104.9833,22.8333,65.97,81,96,1.19,VN,1612462143
brigantine,-74.3646,39.4101,42.01,56,1,16.11,US,1612462084
vacaria,-50.9339,-28.5122,75.0,47,90,8.99,BR,1612462143
hay river,-115.7999,60.8156,-23.8,69,100,16.11,CA,1612462143
tuktoyaktuk,-133.0374,69.4541,-38.2,67,20,10.36,CA,1612462143
fagernes,9.2324,60.9858,-2.99,83,0,4.18,NO,1612462143
urucara,-57.76,-2.5364,92.89,50,84,4.23,BR,1612462144
namibe,12.1522,-15.1961,74.03,71,0,14.23,AO,1612461885
port alfred,26.891,-33.5906,70.0,83,57,10.42,ZA,1612462144
taoudenni,-3.9836,22.6783,84.2,12,21,9.4,ML,1612461923
brenham,-96.3977,30.1669,75.2,64,90,14.97,US,1612462144
pombas,-25.0201,17.1503,73.4,60,40,33.38,CV,1612462144
bara,10.7288,10.3744,83.1,15,12,9.33,NG,1612462144
east london,27.9116,-33.0153,71.6,83,75,3.44,ZA,1612462140
dembi dolo,34.8,8.5333,70.97,33,11,3.74,ET,1612462145
milin,14.046,49.6319,37.0,99,79,4.38,CZ,1612462145
bengkulu,102.2655,-3.8004,75.81,86,100,4.61,ID,1612462145
mount gambier,140.7667,-37.8333,53.6,100,90,10.36,AU,1612462082
ketchikan,-131.6461,55.3422,41.0,100,90,4.61,US,1612462145
torbay,-52.7314,47.6666,48.99,100,90,5.75,CA,1612461915
mozarlandia,-50.5706,-14.7447,88.63,57,52,4.05,BR,1612462146
shieli,66.75,44.1667,36.07,84,100,8.1,KZ,1612462146
baker city,-117.8344,44.7749,33.8,69,90,5.75,US,1612462146
hokitika,170.9667,-42.7167,53.78,64,13,5.77,NZ,1612462146
ponta do sol,-17.1,32.6667,51.01,66,92,7.0,PT,1612462146
santo antonio de padua,-42.1803,-21.5394,90.37,53,56,0.65,BR,1612462146
waterloo,-80.5164,43.4668,35.01,51,1,8.05,CA,1612462034
laguna,-121.4238,38.421,48.99,57,1,12.66,US,1612462147
constitucion,-72.4167,-35.3333,72.18,56,60,5.48,CL,1612462147
benjamin constant,-70.0311,-4.3831,86.0,70,75,3.44,BR,1612462147
lagoa,-27.9833,39.05,54.91,70,54,26.42,PT,1612461973
ushibuka,130.0228,32.1906,47.89,56,0,6.82,JP,1612462147
gashua,11.0482,12.871,76.59,18,0,10.49,NG,1612462147
bow island,-111.3684,49.8668,14.0,79,99,3.44,CA,1612462148
novyy urgal,132.5642,51.0736,-33.75,82,58,1.95,RU,1612462148
bambous virieux,57.7575,-20.3428,80.6,74,20,9.22,MU,1612462148
bardiyah,25.0865,31.7561,59.31,82,0,12.77,LY,1612462148
domoni,44.5319,-12.2569,81.91,74,80,3.58,KM,1612462148
codrington,141.9667,-38.2667,70.45,53,100,15.26,AU,1612462148
poum,164.0167,-20.2333,80.15,82,21,15.57,NC,1612462148
khatanga,102.5,71.9667,-30.28,79,0,8.77,RU,1612462148
beringovskiy,179.3167,63.05,-0.78,93,100,18.72,RU,1612462149
asau,26.4,46.4333,48.2,71,0,8.05,RO,1612462149
khani,42.9566,41.9563,46.4,66,90,5.75,GE,1612462128
mwingi,38.0601,-0.9344,69.91,66,26,3.96,KE,1612462149
nikolskoye,30.7861,59.7035,10.4,85,20,13.42,RU,1612462149
vardo,31.1107,70.3705,26.6,68,75,16.11,NO,1612462149
upernavik,-56.1549,72.7868,-9.9,71,86,4.14,GL,1612462068
longyearbyen,15.6401,78.2186,17.6,62,40,14.97,SJ,1612462106
port hardy,-127.4199,50.6996,39.2,100,90,4.61,CA,1612462150
labrea,-64.7981,-7.2586,88.12,66,84,4.03,BR,1612462150
mizan teferi,35.5833,6.9833,70.63,44,17,2.35,ET,1612462150
elizabeth city,-76.2511,36.2946,50.0,31,1,10.36,US,1612462150
chapada dos guimaraes,-55.7497,-15.4606,89.6,62,75,12.66,BR,1612462150
new norfolk,147.0587,-42.7826,64.4,77,85,5.75,AU,1612462106
williston,-103.618,48.147,6.01,68,92,11.01,US,1612462151
tasiilaq,-37.6368,65.6145,26.6,86,90,19.57,GL,1612462151
puerto ayora,-90.3518,-0.7393,89.6,55,0,8.05,EC,1612462103
wamba,8.6,8.9333,85.96,13,0,3.04,NG,1612462151
carnarvon,113.6333,-24.8667,78.66,85,100,18.48,AU,1612462151
nioro,-15.75,13.35,99.84,8,29,5.23,GM,1612462151
chuy,-53.4616,-33.6971,73.56,61,85,19.1,UY,1612462152
klaksvik,-6.589,62.2266,33.8,64,20,18.41,FO,1612462152
batagay,134.6333,67.6333,-40.68,79,87,1.28,RU,1612462152
santa paula,-119.0593,34.3542,63.0,44,1,6.91,US,1612462152
pacasmayo,-79.5714,-7.4006,74.71,68,100,11.92,PE,1612462152
tarko-sale,77.785,64.9225,-14.85,89,86,8.39,RU,1612462152
port blair,92.75,11.6667,78.93,81,25,8.12,IN,1612462021
katsuura,140.3,35.1333,39.2,48,20,8.05,JP,1612462114
honningsvag,25.9704,70.9821,30.2,93,90,21.32,NO,1612462153
luderitz,15.1594,-26.6481,72.88,53,0,24.52,NA,1612461945
reconquista,-59.65,-29.15,84.65,39,0,12.19,AR,1612462153
rocha,-54.3333,-34.4833,71.87,59,100,19.19,UY,1612462153
tahe,124.7333,52.3333,-12.77,87,100,1.14,CN,1612462154
tari,4.4914,12.4086,84.72,14,19,9.51,NG,1612462154
abnub,31.1511,27.2696,60.8,63,52,28.77,EG,1612462154
faanui,-151.75,-16.4833,81.0,67,11,4.97,PF,1612462154
tateyama,139.8667,34.9833,39.0,51,6,1.99,JP,1612462154
ballina,153.5667,-28.8667,64.4,100,40,1.34,AU,1612462154
sri aman,111.4621,1.2376,73.4,100,99,0.65,MY,1612462154
vila,-8.1588,42.0304,48.99,86,99,0.72,PT,1612461964
maumere,122.2111,-8.6199,79.52,82,100,8.97,ID,1612462155
zyryanka,150.85,65.75,-14.03,88,100,18.5,RU,1612462155
maniitsoq,-52.9,65.4167,7.86,72,0,7.72,GL,1612462155
la ronge,-105.2842,55.1001,-7.6,77,80,3.44,CA,1612462155
nanortalik,-45.2371,60.1432,22.44,81,100,1.97,GL,1612461946
sokolo,-6.1219,14.7328,85.82,11,99,2.66,ML,1612462155
roald,6.1333,62.5833,24.8,39,0,11.5,NO,1612462155
port macquarie,152.9167,-31.4333,64.4,100,76,6.46,AU,1612462156
salinopolis,-47.3561,-0.6136,84.69,68,83,12.84,BR,1612461872
causapscal,-67.227,48.3542,28.18,94,100,8.48,CA,1612462156
paranapanema,-48.7228,-23.3886,83.55,72,73,9.17,BR,1612462156
susanville,-120.653,40.4163,30.2,64,1,2.51,US,1612462111
lebedyan,39.1664,53.0194,35.38,98,100,10.54,RU,1612462156
victoria,114.1577,22.2855,66.0,84,0,1.01,HK,1612462011
zalantun,122.7167,48.0,-1.97,87,99,1.07,CN,1612462157
sorland,12.6934,67.667,35.6,69,20,14.97,NO,1612462157
coquimbo,-71.3436,-29.9533,66.2,68,0,13.8,CL,1612462157
cabo san lucas,-109.9124,22.8909,81.0,34,20,8.05,MX,1612461964
ribeira grande,-28.7,38.5167,57.2,54,40,5.75,PT,1612462157
lompoc,-120.4579,34.6391,57.2,51,1,7.96,US,1612461868
karratha,116.8463,-20.7377,80.94,83,62,9.91,AU,1612462158
cidreira,-50.2056,-30.1811,78.76,64,57,17.43,BR,1612462158
isaka,32.9333,-3.9,67.41,80,20,2.66,TZ,1612462158
timmins,-81.3331,48.4669,28.4,59,75,13.8,CA,1612461945
komsomolskiy,71.7189,40.4272,35.6,75,13,9.22,UZ,1612462158
takoradi,-1.7554,4.8845,81.66,79,20,10.71,GH,1612462158
hasaki,140.8333,35.7333,28.4,80,20,4.61,JP,1612461900
clyde river,-68.5914,70.4692,-20.2,76,90,8.05,CA,1612462159
zavitinsk,129.45,50.1167,-21.91,85,61,2.42,RU,1612462159
santiago,-70.6483,-33.4569,87.8,29,0,9.22,CL,1612462159
campbell river,-125.2446,50.0163,41.0,100,90,3.31,CA,1612462159
kostino,53.2691,58.9097,17.71,97,97,6.64,RU,1612462159
leshukonskoye,45.7622,64.8989,7.84,95,100,10.38,RU,1612461994
walvis bay,14.5053,-22.9575,66.0,77,90,10.36,NA,1612462160
ejido,-71.2375,8.5514,84.2,35,71,6.35,VE,1612462160
los llanos de aridane,-17.9182,28.6585,66.2,48,20,4.61,ES,1612462160
bluff,168.3333,-46.6,46.38,82,34,7.9,NZ,1612461940
charlestown,151.6667,-32.95,73.0,86,51,8.5,AU,1612462112
chapais,-74.8492,49.7834,24.8,58,1,3.44,CA,1612462160
nicolas bravo,-88.9167,18.45,80.6,57,40,11.5,MX,1612462160
chilca,-76.7372,-12.5211,73.0,78,0,6.91,PE,1612462160
tiksi,128.8694,71.6872,-23.37,87,100,3.83,RU,1612462113
mahebourg,57.7,-20.4081,80.6,74,20,9.22,MU,1612461949
sabha,14.4283,27.0377,60.19,32,29,8.72,LY,1612462161
hovd,91.6419,48.0056,19.49,81,99,6.87,MN,1612462161
te anau,167.7167,-45.4167,48.11,88,1,0.96,NZ,1612462101
kainan,135.2,34.15,44.6,61,0,12.66,JP,1612462059
tatawin,10.4518,32.9297,71.6,20,0,4.61,TN,1612462162
ancud,-73.8203,-41.8697,79.0,53,0,9.22,CL,1612462162
airai,125.4092,-8.9266,60.15,100,100,3.8,TL,1612461957
lakes entrance,147.981,-37.8811,71.01,81,84,4.9,AU,1612462162
college,-147.8028,64.8569,-8.0,70,90,4.61,US,1612462073
rosarito,-117.0333,32.3333,59.0,67,40,11.5,MX,1612462162
gushikawa,127.8686,26.3544,60.8,87,1,5.75,JP,1612462153
muros,-9.0603,42.7762,55.0,81,79,1.61,ES,1612462163
pisco,-76.2167,-13.7,73.0,83,40,11.5,PE,1612462163
doka,35.7667,13.5167,83.66,15,4,16.96,SD,1612462163
flin flon,-101.865,54.7682,-5.8,77,75,9.22,CA,1612462163
evensk,159.2333,61.95,2.35,87,100,28.14,RU,1612462163
north myrtle beach,-78.68,33.816,51.01,42,1,8.05,US,1612462163
constantine,6.6147,36.365,64.4,29,0,9.22,DZ,1612461873
bageshwar,79.7667,29.85,46.09,82,89,4.99,IN,1612462163
khorramshahr,48.1664,30.4397,64.4,59,0,2.3,IR,1612462164
chumikan,135.315,54.7183,-18.94,76,76,29.51,RU,1612462164
anadyr,177.4833,64.75,-0.4,65,75,11.18,RU,1612461865
gympie,152.665,-26.1898,64.0,97,17,2.8,AU,1612462164
uyuni,-66.825,-20.4597,63.3,36,37,5.39,BO,1612462164
saldanha,17.9442,-33.0117,71.6,64,0,17.27,ZA,1612462164
touros,-35.4608,-5.1989,86.0,54,20,17.27,BR,1612462165
sayyan,44.3244,15.1718,47.95,45,0,4.72,YE,1612461985
kintampo,-1.7306,8.0563,93.13,18,0,3.89,GH,1612462165
saskylakh,114.0833,71.9167,-42.02,75,0,5.01,RU,1612462093
dunedin,170.5036,-45.8742,52.0,75,10,1.01,NZ,1612462118
ilulissat,-51.1,69.2167,-0.4,32,1,11.5,GL,1612462165
jasper,-94.3502,37.2001,37.99,70,90,26.46,US,1612462165
dikson,80.5464,73.5069,-9.4,91,100,11.03,RU,1612462166
tuxpan,-103.4,19.55,82.4,47,1,2.19,MX,1612462166
carauari,-66.8958,-4.8828,89.94,58,90,2.64,BR,1612461968
bengbu,117.3608,32.9408,46.22,56,100,5.01,CN,1612462166
moshenskoye,34.5911,58.5102,6.15,95,81,5.77,RU,1612461972
norman wells,-126.8329,65.282,-50.8,65,40,3.44,CA,1612462166
jishui,115.4,33.7333,44.89,58,98,5.99,CN,1612462166
margate,1.3862,51.3813,46.0,87,94,1.99,GB,1612462167
north platte,-100.7654,41.1239,35.6,64,1,12.66,US,1612462167
boa vista,-60.6733,2.8197,87.8,58,75,8.05,BR,1612461986
tamandare,-35.1047,-8.7597,83.93,65,19,10.54,BR,1612462167
biak,122.8766,-0.9131,76.62,80,100,1.52,ID,1612462167
charters towers,146.2667,-20.1,73.74,87,61,10.8,AU,1612462167
hassleholm,13.7664,56.1591,24.01,80,75,4.61,SE,1612462167
lata,-8.3327,40.1629,55.99,89,95,2.04,PT,1612462168
guaruja,-46.2564,-23.9931,95.0,66,0,4.61,BR,1612462168
tautira,-149.15,-17.7333,82.4,74,20,3.44,PF,1612462168
trincomalee,81.2335,8.5711,77.83,79,100,15.05,LK,1612462168
chokurdakh,147.9167,70.6333,-5.93,86,0,19.62,RU,1612462168
namatanai,152.4333,-3.6667,78.55,80,100,2.39,PG,1612461967
guarapari,-40.4975,-20.6667,90.0,62,40,18.41,BR,1612462169
great yarmouth,1.7305,52.6083,44.6,100,75,8.05,GB,1612462169
fairview,-73.999,40.8126,39.2,48,1,8.05,US,1612462169
villa carlos paz,-64.4978,-31.4241,84.0,37,0,5.99,AR,1612461973
camacha,-16.3333,33.0833,57.2,67,40,14.97,PT,1612462169
aldergrove,-122.4709,49.058,42.01,93,90,12.66,CA,1612462169
aguilas,-1.5829,37.4063,59.0,77,0,8.05,ES,1612462170
santa cruz,-63.1667,-17.8,82.4,54,40,17.27,BO,1612462170
alofi,-169.9187,-19.0595,75.2,100,100,5.75,NU,1612462170
teya,92.6267,60.3778,2.59,90,100,4.97,RU,1612462171
sterling,-77.4286,39.0062,44.01,26,20,4.61,US,1612462171
rantauprapat,99.8333,2.1,72.82,94,99,1.83,ID,1612462171
crotone,17.1178,39.0851,55.4,82,0,1.14,IT,1612462042
lavrentiya,-171.0,65.5833,-13.88,85,75,16.02,RU,1612462172
isangel,169.2667,-19.55,77.83,80,83,6.35,VU,1612462172
miles city,-105.8406,46.4083,19.4,86,90,10.36,US,1612462172
deputatskiy,139.9,69.3,-15.9,91,99,4.47,RU,1612462172
karoi,29.6925,-16.8099,67.53,92,11,3.24,ZW,1612462172
bria,21.9863,6.5423,83.46,25,89,1.7,CF,1612462172
mecca,39.8261,21.4267,77.02,63,31,13.06,SA,1612462173
oga,10.347,46.4631,43.0,80,99,2.3,IT,1612462173
port elizabeth,25.5701,-33.918,71.6,78,20,5.75,ZA,1612462159
barcelos,-8.6151,41.5388,53.6,87,40,4.61,PT,1612462173
maragogi,-35.2225,-9.0122,83.73,66,30,11.81,BR,1612462173
grants pass,-123.3284,42.439,37.0,87,90,2.15,US,1612462173
cayenne,-52.3333,4.9333,84.2,65,75,12.66,GF,1612462174
kargat,80.2811,55.1956,0.84,92,90,6.13,RU,1612462174
makakilo city,-158.0858,21.3469,64.4,88,75,3.44,US,1612462174
puerto escondido,-97.0667,15.85,84.2,74,40,4.61,MX,1612462174
flinders,150.8552,-34.5833,69.01,88,57,1.01,AU,1612462174
camana,-72.7111,-16.6228,75.67,64,74,8.95,PE,1612462174
sola,167.55,-13.8833,79.14,84,69,3.22,VU,1612462174
susurluk,28.1578,39.9136,59.0,87,0,2.08,TR,1612462174
bahia honda,-83.1592,22.9036,72.86,43,0,6.22,CU,1612462175
tagusao,117.8141,9.1924,78.84,82,91,10.47,PH,1612462175
caraquet,-64.9386,47.7941,30.2,86,69,2.3,CA,1612462175
dukat,155.55,62.55,-18.72,87,100,5.59,RU,1612462175
ostersund,14.6357,63.1792,10.4,92,90,9.22,SE,1612462176
half moon bay,-122.4286,37.4636,54.0,50,1,5.75,US,1612462176
wanning,110.3967,18.8003,69.26,78,92,4.29,CN,1612462177
yellowknife,-114.3525,62.456,-24.0,68,20,10.36,CA,1612462077
georgetown,100.3354,5.4112,77.0,69,20,6.42,MY,1612462161
iquitos,-73.2472,-3.7481,77.0,88,75,3.44,PE,1612462096
orasu nou,23.2833,47.8333,46.0,87,75,8.05,RO,1612462177
lewisburg,-86.7889,35.4492,48.0,42,1,21.85,US,1612462177
marsa matruh,27.2453,31.3525,60.8,82,75,11.5,EG,1612462026
yamada,141.95,39.4667,22.1,85,4,20.6,JP,1612462177
villarrobledo,-2.6012,39.2699,55.99,67,71,4.59,ES,1612462178
arman,150.1667,59.7,-4.92,82,97,14.45,RU,1612462178
pyatnitskoye,37.8273,50.4233,40.86,95,100,10.92,RU,1612462178
pacific grove,-121.9166,36.6177,54.0,54,1,9.22,US,1612462109
recco,9.1435,44.3623,57.0,93,100,5.66,IT,1612462178
kolobovo,41.3417,56.702,20.03,97,100,2.84,RU,1612462178
hamilton,-84.5333,39.1834,37.4,60,20,5.75,US,1612461954
lorengau,147.2712,-2.0226,81.86,78,100,8.41,PG,1612462179
kruisfontein,24.7314,-34.0033,70.0,85,33,1.99,ZA,1612462147
ipixuna,-48.8043,-1.7625,84.2,74,75,11.5,BR,1612462074
nishihara,127.7558,26.1842,60.8,58,20,3.44,JP,1612462179
bulawayo,28.5833,-20.15,69.39,86,27,1.81,ZW,1612462179
vestmannaeyjar,-20.2734,63.4427,37.4,81,75,28.77,IS,1612462179
curup,102.5333,-3.4667,68.31,93,100,3.2,ID,1612462179
hirado,129.5531,33.3597,42.01,70,0,5.01,JP,1612461970
jumla,82.1838,29.2747,34.12,84,100,7.02,NP,1612462180
cam ranh,109.1591,11.9214,75.2,73,40,6.91,VN,1612462172
pangnirtung,-65.7125,66.1451,6.8,78,90,24.16,CA,1612462180
kutoarjo,109.9128,-7.7169,77.38,87,100,2.53,ID,1612462181
gazli,63.45,40.1333,51.82,56,83,9.75,UZ,1612462181
goderich,-81.7165,43.7501,30.2,64,37,9.22,CA,1612462181
salalah,54.0924,17.0151,75.2,69,40,3.44,OM,1612462181
mackay,149.2,-21.15,78.8,83,40,9.22,AU,1612462181
khasan,130.6434,42.4308,9.93,89,85,3.47,RU,1612462182
jiwani,61.7417,25.05,69.58,58,0,6.93,PK,1612462182
mezen,44.24,65.8522,-0.92,91,100,12.71,RU,1612462182
swanzey,-72.2818,42.8698,35.01,64,90,8.05,US,1612462183
katobu,122.5276,-4.9408,75.83,92,100,2.08,ID,1612462183
channel-port aux basques,-59.1367,47.5702,38.98,93,94,5.77,CA,1612462183
shache,77.2406,38.4167,29.91,80,0,3.18,CN,1612462183
naze,129.4833,28.3667,54.93,71,51,3.58,JP,1612461966
grindavik,-22.4338,63.8424,37.4,87,75,25.32,IS,1612462183
stornoway,-6.3865,58.2093,37.4,87,75,23.02,GB,1612462184
severomuysk,113.4267,56.1481,-14.96,90,96,4.09,RU,1612461931
sao joao da barra,-41.0511,-21.6403,87.8,51,20,16.11,BR,1612462184
kirakira,161.9205,-10.4544,77.59,88,100,9.62,SB,1612462184
olafsvik,-23.7142,64.8945,39.06,77,100,38.12,IS,1612462184
vanimo,141.3028,-2.6741,78.55,81,78,5.12,PG,1612462184
simpang,104.0833,-1.2667,73.85,89,98,2.39,ID,1612462185
richards bay,32.0377,-28.783,77.18,89,100,7.87,ZA,1612462179
wuwei,102.6414,37.9281,35.01,39,81,9.66,CN,1612462185
tromso,18.957,69.6496,30.2,74,40,4.56,NO,1612462185
bagdarin,113.6,54.4333,-9.09,84,46,2.91,RU,1612462185
khawhai,93.1167,23.3667,42.8,63,0,2.64,IN,1612462185
puerto maldonado,-69.1833,-12.6,89.6,62,75,4.61,PE,1612462185
broken hill,141.4333,-31.95,71.6,46,85,11.5,AU,1612462186
skowhegan,-69.7192,44.7651,36.0,84,87,5.08,US,1612462186
geraldton,114.6,-28.7667,77.0,31,98,17.27,AU,1612462186
eyl,49.8164,7.9803,73.85,73,0,16.67,SO,1612462186
sur,59.5289,22.5667,66.61,73,0,2.55,OM,1612462186
thunder bay,-89.3168,48.4001,35.01,93,90,5.75,CA,1612462020
gallup,-108.7426,35.5281,39.2,41,1,5.75,US,1612462114
tatarsk,75.9828,55.219,5.59,93,98,3.8,RU,1612462187
barra do garcas,-52.2567,-15.89,91.4,52,20,3.44,BR,1612462107
roma,-75.4557,43.2128,33.8,60,1,10.36,US,1612462187
bam,58.357,29.106,51.24,37,0,0.76,IR,1612462187
hapao,121.016,16.8797,63.18,86,96,2.04,PH,1612462188
ciudad bolivar,-63.5497,8.1222,91.69,46,81,13.18,VE,1612462189
luanda,13.2343,-8.8368,80.6,78,20,11.5,AO,1612462189
singaparna,108.111,-7.3515,72.16,88,100,3.71,ID,1612462189
develi,35.4922,38.3906,37.4,87,0,6.91,TR,1612462189
santa cruz del sur,-77.9956,20.7147,79.99,39,0,10.98,CU,1612462189
otane,176.6333,-39.8833,51.01,85,95,7.0,NZ,1612462190
chipinge,32.6236,-20.1883,68.9,100,50,4.43,ZW,1612462190
bealanana,48.7333,-14.55,67.77,86,99,1.52,MG,1612462190
mount isa,139.5,-20.7333,84.2,58,45,9.22,AU,1612462190
wanaka,169.15,-44.7,48.99,76,11,0.4,NZ,1612462190
bandipur,84.4167,27.9333,47.14,57,0,2.82,NP,1612462190
harper,-7.7169,4.375,81.7,79,19,8.16,LR,1612462190
mayumba,10.6554,-3.432,80.46,86,60,7.0,GA,1612461958
la asuncion,-63.8628,11.0333,81.41,73,75,19.37,VE,1612462138
surovikino,42.8486,48.6078,47.43,88,94,12.71,RU,1612462191
moate,-7.7167,53.55,45.0,90,99,2.66,IE,1612462191
lasa,10.7002,46.6166,42.01,64,0,2.37,IT,1612462191
ahuimanu,-157.8378,21.4447,64.4,77,40,6.91,US,1612461945
surt,16.5887,31.2089,61.72,65,0,8.01,LY,1612461985
taraz,71.3667,42.9,33.8,64,51,6.71,KZ,1612462192
umm lajj,37.2685,25.0213,70.18,48,59,8.19,SA,1612462192
bathsheba,-59.5167,13.2167,82.4,65,40,20.71,BB,1612462192
san patricio,-97.5169,28.017,80.6,57,40,13.8,US,1612462192
scarborough,-0.4044,54.2797,42.01,95,100,4.0,GB,1612462132
necochea,-58.7368,-38.5473,77.0,47,0,14.97,AR,1612462188
hvide sande,8.1294,56.0045,24.01,83,99,3.0,DK,1612462192
vila velha,-40.2925,-20.3297,90.0,62,40,18.41,BR,1612462193
seymchan,152.4333,62.8833,-16.47,87,100,5.12,RU,1612462193
sakakah,40.2064,29.9697,57.2,88,75,21.85,SA,1612462193
hirara,125.2833,24.8,66.61,68,57,16.62,JP,1612462080
ulaangom,92.0667,49.9811,-13.14,87,86,0.63,MN,1612462193
teahupoo,-149.2667,-17.8333,82.4,74,20,3.44,PF,1612462193
khandbari,87.2039,27.3747,52.45,45,3,2.84,NP,1612462193
padang,100.3543,-0.9492,78.8,94,40,2.3,ID,1612462194
callaway,-85.5699,30.153,64.0,44,1,12.66,US,1612462194
wajima,136.9,37.4,36.0,88,88,10.71,JP,1612462194
fort nelson,-122.7002,58.8053,-14.8,64,75,2.3,CA,1612462121
ostrovnoy,39.5131,68.0531,10.69,92,100,20.54,RU,1612462194
shaunavon,-108.4181,49.6501,15.8,67,36,13.8,CA,1612462194
bowen,148.2333,-20.0167,73.4,94,40,6.91,AU,1612462194
bisho,27.4422,-32.8472,71.6,83,75,3.44,ZA,1612462195
yuci,112.7319,37.6803,26.6,39,0,4.47,CN,1612462195
basoko,23.616,1.2391,76.91,85,93,2.48,CD,1612462028
muyezerskiy,31.65,63.9333,1.83,92,100,11.97,RU,1612462195
nelson bay,152.15,-32.7167,72.0,83,56,9.22,AU,1612462059
tessalit,1.0114,20.1986,78.12,14,8,10.69,ML,1612462195
kingman,-114.053,35.1894,50.0,32,1,14.97,US,1612462195
dalvik,-18.5286,65.9702,24.8,74,20,4.61,IS,1612462196
tokur,132.9,53.1333,-39.57,83,99,3.78,RU,1612462196
talnakh,88.3972,69.4865,-22.0,86,97,1.86,RU,1612462166
nisia floresta,-35.2086,-6.0911,86.0,54,20,17.27,BR,1612462193
noumea,166.4572,-22.2763,79.0,100,90,2.3,NC,1612462196
kuminskiy,66.5667,58.6667,11.03,95,100,6.35,RU,1612462196
belaya gora,146.4167,68.5333,-11.88,86,98,12.88,RU,1612462196
san cristobal,-72.225,7.7669,93.2,43,40,6.91,VE,1612462197
brae,-1.353,60.3964,35.6,55,75,11.5,GB,1612462197
hornepayne,-84.7705,49.2138,34.05,90,100,14.05,CA,1612462197
qui nhon,109.2333,13.7667,71.82,86,97,11.48,VN,1612462197
motzorongo,-96.7333,18.6333,77.23,47,8,3.69,MX,1612462197
sitka,-135.33,57.0531,35.6,100,90,1.68,US,1612462197
fairbanks,-147.7164,64.8378,-8.0,77,90,4.61,US,1612462057
esperance,121.9,-33.8667,55.4,76,90,5.75,AU,1612462198
port lincoln,135.8667,-34.7333,57.4,65,0,21.41,AU,1612462198
jieshi,115.8257,22.8134,60.46,86,0,16.71,CN,1612462198
sitges,1.8119,41.2351,55.0,85,68,1.01,ES,1612462141
saint anthony,-93.218,45.0205,24.8,73,75,19.57,US,1612462198
colares,-9.4469,38.7992,57.0,76,40,2.3,PT,1612462198
kailua,-157.7394,21.4022,64.4,77,40,6.91,US,1612462199
dengzhou,120.7508,37.8086,38.05,70,100,17.07,CN,1612462199
ngunguru,174.5,-35.6167,60.01,93,49,5.01,NZ,1612462199
goya,-59.2626,-29.14,85.17,39,0,11.18,AR,1612462199
yeniseysk,92.1703,58.4497,9.63,95,100,5.48,RU,1612462199
aripuana,-60.6333,-9.1667,91.33,54,61,2.84,BR,1612462200
puli,120.9695,23.9664,62.01,94,20,5.01,TW,1612462200
helmsdale,-3.6517,58.1168,37.4,87,90,24.16,GB,1612462200
merauke,140.3333,-8.4667,78.94,88,98,13.06,ID,1612462200
san,-4.8956,13.3034,85.46,13,68,3.58,ML,1612461975
meybod,54.0166,32.2501,53.6,20,0,4.61,IR,1612462201
nizhniy kuranakh,125.4869,58.8353,-26.32,79,95,0.78,RU,1612462201
machali,-70.6667,-34.1833,87.8,33,0,6.15,CL,1612462203
ardakan,54.0175,32.31,53.6,20,0,4.61,IR,1612462203
freeport,-73.5832,40.6576,39.99,48,1,11.5,US,1612462121
buchanan,-10.0467,5.8808,84.2,79,75,9.22,LR,1612462204
faya,42.4509,18.3851,62.6,63,0,6.91,SA,1612461952
ust-tsilma,52.1498,65.441,-1.55,91,100,6.82,RU,1612462205
darhan,105.9228,49.4867,19.49,87,100,5.82,MN,1612462205
meulaboh,96.1285,4.1363,77.18,87,76,4.85,ID,1612462205
liverpool,-2.9779,53.4106,44.6,93,75,9.22,GB,1612462035
barrancas,-72.7877,10.9576,94.14,39,65,7.65,CO,1612462022
eureka,-124.1637,40.8021,45.0,81,1,5.32,US,1612462205
kieta,155.6333,-6.2167,79.12,75,100,4.47,PG,1612462206
coihaique,-72.0662,-45.5752,87.8,22,0,4.61,CL,1612461978
iqaluit,-68.5145,63.7506,10.4,85,90,21.85,CA,1612462206
sept-iles,-66.3821,50.2001,33.01,74,98,4.61,CA,1612462206
beloha,45.05,-25.1667,81.73,66,75,9.82,MG,1612462206
tongliao,122.2653,43.6125,10.49,93,0,5.93,CN,1612462206
port moresby,147.1797,-9.4431,75.2,94,20,5.75,PG,1612462207
hurghada,33.8129,27.2574,69.8,46,0,12.66,EG,1612462207
rundu,19.7667,-17.9333,75.92,60,88,2.33,NA,1612462207
batagay-alyta,130.4114,67.8006,-30.33,73,21,2.42,RU,1612462207
cairns,145.7667,-16.9167,77.0,88,40,8.05,AU,1612462060
kupang,123.5833,-10.1667,79.9,85,100,12.95,ID,1612462207
talaya,152.75,61.3833,-19.73,84,100,3.94,RU,1612462207
mont-dore,166.5833,-22.2833,79.0,99,13,4.07,NC,1612462208
tevriz,72.4042,57.509,6.93,94,100,3.76,RU,1612462208
mocuba,36.9856,-16.8392,77.43,93,95,3.74,MZ,1612462208
mahanoro,48.8,-19.9,78.8,84,1,4.88,MG,1612462208
agirish,63.0231,61.9247,9.07,96,100,4.7,RU,1612462208
juigalpa,-85.3645,12.1063,84.2,54,20,9.22,NI,1612462208
sumbawanga,31.6167,-7.9667,64.4,88,40,1.72,TZ,1612462208
rucheng,120.5553,32.3883,45.0,70,85,6.44,CN,1612462209
lithgow,150.15,-33.4833,66.99,91,65,2.35,AU,1612462209
hofn,-15.2082,64.2539,35.8,80,100,12.93,IS,1612462209
aksu,80.2644,41.1231,25.79,80,0,0.78,CN,1612462209
bandarbeyla,50.8122,9.4942,74.12,67,4,13.49,SO,1612462210
orangeburg,-80.8557,33.4918,53.01,30,1,3.44,US,1612462210
texarkana,-94.0477,33.4251,68.0,68,90,16.11,US,1612462019
gazipur,90.423,23.9981,71.6,68,12,4.38,BD,1612462210
quatre cocos,57.7625,-20.2078,80.6,74,20,9.22,MU,1612462211
riyadh,46.7219,24.6877,71.6,23,0,6.91,SA,1612461922
kangaatsiaq,-53.4641,68.3065,-2.15,86,0,16.49,GL,1612461970
hun,15.9477,29.1268,57.0,88,26,4.41,LY,1612462211
adrar,-10.0711,20.5022,82.51,13,39,8.43,MR,1612462211
kanigiri,79.5167,15.4,67.77,74,1,4.63,IN,1612462211
bereda,-7.5406,43.2686,48.99,84,98,5.01,ES,1612462211
rio claro,-47.5614,-22.4114,91.4,52,40,9.22,BR,1612462024
manakara,48.0167,-22.1333,78.26,89,25,7.9,MG,1612462091
pokaran,71.9167,26.9167,62.71,30,0,11.54,IN,1612462212
hambantota,81.1185,6.1241,76.95,73,100,19.89,LK,1612462212
waddan,16.139,29.1614,57.0,88,22,2.35,LY,1612462212
viedma,-62.9967,-40.8135,91.99,19,0,1.99,AR,1612461920
ranong,98.6348,9.9658,75.85,85,47,4.29,TH,1612462212
lobatse,25.6667,-25.2167,71.6,83,40,5.75,BW,1612462212
bac lieu,105.7244,9.285,75.9,79,27,14.85,VN,1612462213
kavaratti,72.642,10.5669,81.77,68,69,8.19,IN,1612462213
tura,90.2201,25.5198,62.76,49,0,4.27,IN,1612462213
port-cartier,-66.8654,50.0334,33.01,74,100,4.61,CA,1612462213
fare,-151.0167,-16.7,80.89,67,19,4.81,PF,1612462213
poco verde,-38.1833,-10.7083,90.91,41,41,8.59,BR,1612462214
ust-kulom,53.6902,61.6864,14.23,96,100,7.78,RU,1612462214
orocue,-71.3354,4.7912,95.47,37,35,11.52,CO,1612462214
machakos,37.2667,-1.5167,75.2,35,0,12.66,KE,1612462214
kenai,-151.2583,60.5544,14.0,85,90,3.44,US,1612462214
oktyabrskoye,44.7417,43.0645,41.0,70,33,4.47,RU,1612462215
tambura,27.4667,5.6,85.28,19,39,1.72,SS,1612462215
cedar city,-113.0619,37.6775,33.8,51,75,17.27,US,1612461980
talakan,130.3667,50.3167,-23.49,85,56,1.9,RU,1612462215
barpali,83.5833,21.2,63.01,28,56,3.83,IN,1612462215
orotukan,151.7,62.2667,-19.43,85,100,3.36,RU,1612462215
atambua,124.8925,-9.1061,73.33,89,100,2.82,ID,1612462215
lao cai,103.95,22.4833,65.61,79,71,0.76,VN,1612462216
turukhansk,87.9833,65.8167,-13.77,90,100,5.01,RU,1612462216
osypenko,36.8253,46.9136,37.99,53,100,8.01,UA,1612462216
blackfoot,-112.345,43.1905,27.0,75,78,7.0,US,1612462017
wailuku,-156.5047,20.8911,69.8,73,40,8.05,US,1612462216
mandera,41.867,3.9366,83.25,24,0,8.28,KE,1612462216
zafarabad,82.7333,25.7,60.8,72,0,5.75,IN,1612462216
davidson,-86.7833,36.1501,46.4,42,40,13.8,US,1612462217
beyneu,55.2,45.3167,46.15,63,99,9.57,KZ,1612462143
barsovo,73.1667,61.1667,-7.6,84,0,4.47,RU,1612462217
razole,81.8333,16.4833,65.12,77,1,3.51,IN,1612462217
iskateley,53.1512,67.6803,-14.39,89,69,9.28,RU,1612462217
pingliang,106.6861,35.5392,33.93,65,100,9.19,CN,1612462217
itambe,-40.6244,-15.245,90.3,43,55,4.41,BR,1612462217
palu,119.8707,-0.8917,75.15,79,100,2.33,ID,1612462217
yaransk,47.8861,57.3033,31.82,98,100,10.36,RU,1612462218
tual,132.75,-5.6667,83.01,78,98,23.87,ID,1612462218
libreville,9.4537,0.3925,82.4,83,40,5.75,GA,1612462218
qandala,49.8728,11.472,74.57,62,0,7.7,SO,1612462218
verkhnevilyuysk,120.3167,63.4453,-38.85,81,43,5.17,RU,1612462218
paamiut,-49.6678,61.994,15.55,79,0,9.66,GL,1612462218
krasnyy oktyabr,38.8833,56.1167,20.75,97,100,5.55,RU,1612462218
ust-ishim,71.1665,57.6935,7.39,94,100,4.38,RU,1612462219
plouzane,-4.6167,48.3833,50.0,87,90,13.8,FR,1612462219
lashio,97.75,22.9333,52.14,53,0,1.57,MM,1612462219
salinas,-121.6555,36.6777,54.0,76,1,3.94,US,1612462165
praia,-23.5087,14.9215,71.6,68,90,21.85,CV,1612462219
bani,-70.3333,18.2833,86.0,66,40,11.5,DO,1612462219
tezu,96.1667,27.9167,62.46,30,1,4.34,IN,1612462219
chicama,-79.1469,-7.8447,73.4,78,20,11.5,PE,1612462219
high level,-117.136,58.5169,-16.6,76,75,9.22,CA,1612462128
vammala,22.9,61.3333,10.4,85,90,4.61,FI,1612462220
souillac,57.5167,-20.5167,80.6,74,20,9.22,MU,1612462220
hendek,30.7481,40.7994,50.0,87,0,5.75,TR,1612462220
tvoroyri,-6.8111,61.5556,33.8,64,20,18.41,FO,1612462220
dingzhou,114.9956,38.5131,26.6,50,81,4.47,CN,1612462220
raudeberg,5.1352,61.9875,23.0,58,40,10.36,NO,1612462221
kamina,24.9906,-8.7386,67.93,87,48,2.17,CD,1612462221
carmen,-91.8333,18.6333,77.0,57,1,11.5,MX,1612462189
tingo maria,-76.0088,-9.2895,84.2,65,75,8.05,PE,1612462221
alta floresta,-56.0861,-9.8756,89.6,62,40,3.44,BR,1612462221
dubbo,148.6167,-32.25,69.8,73,94,8.05,AU,1612462221
yenagoa,6.2642,4.9247,85.01,67,29,7.74,NG,1612462222
dayong,118.2898,25.0209,59.0,77,75,4.47,CN,1612462222
caravelas,-39.2481,-17.7125,84.87,58,0,10.71,BR,1612462222
nanakuli,-158.1547,21.3906,62.6,88,75,3.44,US,1612462222
kosh-agach,88.6667,50.0,4.6,90,80,1.03,RU,1612462222
spolaita,21.3464,38.6966,53.6,100,20,1.74,GR,1612462222
puerto narino,-70.3831,-3.7703,84.2,89,75,2.3,CO,1612462222
kaeo,173.7833,-35.1,60.01,93,52,5.01,NZ,1612462223
pocao de pedras,-44.85,-4.6667,85.35,78,45,4.9,BR,1612462223
gejiu,103.1635,23.306,46.0,100,30,4.76,CN,1612462223
diapaga,1.7889,12.0708,87.42,13,0,6.89,BF,1612462100
manoel urbano,-69.2597,-8.8389,89.01,53,95,1.21,BR,1612462223
kangayam,77.5667,11.0,75.2,60,20,9.22,IN,1612461967
mareeba,145.4333,-17.0,77.0,88,40,8.05,AU,1612462224
severo-yeniseyskiy,93.0408,60.3725,0.99,94,100,8.1,RU,1612462224
tigil,158.6667,57.8,0.19,86,100,2.08,RU,1612462224
nouadhibou,-17.0347,20.931,69.8,68,20,18.41,MR,1612462224
porto novo,2.6036,6.4965,87.8,74,20,12.66,BJ,1612462147
ziro,93.8333,27.6333,37.98,89,12,2.8,IN,1612462224
tres arroyos,-60.2798,-38.3739,83.7,25,0,13.85,AR,1612462225
kpandae,-0.0113,8.4689,95.76,12,0,3.6,GH,1612462225
kamenka,42.7678,51.3223,37.0,97,100,11.27,RU,1612462225
nantucket,-70.0995,41.2835,37.4,70,75,13.8,US,1612462157
jahangirabad,78.1,28.4167,54.03,93,80,5.01,IN,1612462225
ainazi,24.3578,57.8636,20.71,94,100,9.71,LV,1612462226
gourcy,-2.35,13.2167,85.14,13,37,5.5,BF,1612462226
hohhot,111.6522,40.8106,10.4,52,0,6.71,CN,1612462226
